Url,H1,title,description
https://salon-love.ru/dresses/wedding/platya-na-svadbu-48-52/,Свадебные платья 48-52,Свадебные платья 48-52 размеров купить в Санкт-Петербурге,Купить свадебное платье 48-52 размеров в Санкт-Петербурге. Подберем нужный размер. Подгонка по фигуре — бесплатно!
https://salon-love.ru/dresses/evening/anagramma/,Вечерние платья Anagramma,Вечерние платья Anagramma купить в Санкт-Петербурге в салоне Love Forever,Вечерние платья Анаграмма сезона 2025 купить в Санкт-Петербурге по официальной цене бренда.
https://salon-love.ru/dresses/evening/anetty/,Вечерние платья Anetty,Вечерние платья Anetty купить в Санкт-Петербурге в салоне Love Forever,Вечерние платья Анетти сезона 2025 купить в Санкт-Петербурге по официальной цене бренда.
https://salon-love.ru/dresses/evening/ave/,Вечерние платья AVE,Вечерние платья AVE купить в Санкт-Петербурге в салоне Love Forever,Вечерние платья AVE сезона 2025 купить в Санкт-Петербурге по официальной цене бренда.
https://salon-love.ru/dresses/evening/belfaso/,Вечерние платья Belfaso,Вечерние платья Belfaso купить в Санкт-Петербурге в салоне Love Forever,Вечерние платья Бельфасо сезона 2025 купить в Санкт-Петербурге по официальной цене бренда.
https://salon-love.ru/dresses/evening/dress/,Вечерние платья Dress,Вечерние платья Dress купить в Санкт-Петербурге в салоне Love Forever,Вечерние платья Дрес сезона 2025 купить в Санкт-Петербурге по официальной цене бренда.
https://salon-love.ru/dresses/evening/emse/,Вечерние платья EMSE,Вечерние платья EMSE купить в Санкт-Петербурге в салоне Love Forever,Вечерние платья ЕМСЕ сезона 2025 купить в Санкт-Петербурге по официальной цене бренда.
https://salon-love.ru/dresses/evening/kookla/,Вечерние платья Kookla,Вечерние платья Kookla — купить в Санкт-Петербурге в салоне Love Forever,Вечерние платья Кукла сезона 2025 купить в Санкт-Петербурге по официальной цене бренда.
https://salon-love.ru/dresses/evening/kvinsente/,Вечерние платья KVINSENTE,Вечерние платья KVINSENTE купить в Санкт-Петербурге в салоне Love Forever,Вечерние платья Квинсенте сезона 2025 купить в Санкт-Петербурге по официальной цене бренда.
https://salon-love.ru/dresses/evening/le-salon/,Вечерние платья Le Salon,Вечерние платья Le Salon купить в Санкт-Петербурге в салоне Love Forever,Вечерние платья Ле Салон сезона 2025 купить в Санкт-Петербурге по официальной цене бренда.
https://salon-love.ru/dresses/evening/lezardi/,Вечерние платья Lezardi,Вечерние платья Lezardi купить в Санкт-Петербурге в салоне Love Forever,Вечерние платья Лезарди сезона 2025 купить в Санкт-Петербурге по официальной цене бренда.
https://salon-love.ru/dresses/evening/love-forever/,Вечерние платья Love Forever,Вечерние платья Love Forever купить в Санкт-Петербурге в салоне Love Forever,Вечерние платья Лав Форева сезона 2025 купить в Санкт-Петербурге по официальной цене бренда.
https://salon-love.ru/dresses/evening/marry-mark/,Вечерние платья Marry Mark,Вечерние платья Marry Mark купить в Санкт-Петербурге в салоне Love Forever,Вечерние платья Мэрри Марк сезона 2025 купить в Санкт-Петербурге по официальной цене бренда.
https://salon-love.ru/dresses/evening/mirono-va/,Вечерние платья Mirono'va,Вечерние платья Mirono'va купить в Санкт-Петербурге в салоне Love Forever,Вечерние платья Миронова сезона 2025 купить в Санкт-Петербурге по официальной цене бренда.
https://salon-love.ru/dresses/evening/paulain/,Вечерние платья PAULAIN,Вечерние платья PAULAIN купить в Санкт-Петербурге в салоне Love Forever,Вечерние платья Паулейн сезона 2025 купить в Санкт-Петербурге по официальной цене бренда.
https://salon-love.ru/dresses/evening/pompeo/,Вечерние платья Pompeo,Вечерние платья Pompeo купить в Санкт-Петербурге в салоне Love Forever,Вечерние платья Помпео сезона 2025 купить в Санкт-Петербурге по официальной цене бренда.
https://salon-love.ru/dresses/evening/promessa/,Вечерние платья Promessa,Вечерние платья Promessa купить в Санкт-Петербурге в салоне Love Forever,Вечерние платья Промесса сезона 2025 купить в Санкт-Петербурге по официальной цене бренда.
https://salon-love.ru/dresses/evening/rima-lav/,Вечерние платья Rima Lav,Вечерние платья Rima Lav купить в Санкт-Петербурге в салоне Love Forever,Вечерние платья Рима Лав сезона 2025 купить в Санкт-Петербурге по официальной цене бренда.
https://salon-love.ru/dresses/evening/sofoly/,Вечерние платья Sofoly,Вечерние платья Sofoly купить в Санкт-Петербурге в салоне Love Forever,Вечерние платья Софоли сезона 2025 купить в Санкт-Петербурге по официальной цене бренда.
https://salon-love.ru/dresses/evening/svetlana-markelova/,Вечерние платья S. Markelova,Вечерние платья S. Markelova купить в Санкт-Петербурге в салоне Love Forever,Вечерние платья С. Маркелова сезона 2025 купить в Санкт-Петербурге по официальной цене бренда.
https://salon-love.ru/dresses/evening/tarik-ediz/,Вечерние платья Tarik Ediz,Вечерние платья Tarik Ediz купить в Санкт-Петербурге в салоне Love Forever,Вечерние платья Тарик Эдиз сезона 2025 купить в Санкт-Петербурге по официальной цене бренда.
https://salon-love.ru/dresses/evening/terani-couture/,Вечерние платья Terani Couture,Вечерние платья Terani Couture купить в Санкт-Петербурге в салоне Love Forever,Вечерние платья Терани Кутюр сезона 2025 купить в Санкт-Петербурге по официальной цене бренда.
https://salon-love.ru/dresses/evening/twiggy/,Вечерние платья Twiggy,Вечерние платья Twiggy купить в Санкт-Петербурге в салоне Love Forever,Вечерние платья Твигги сезона 2025 купить в Санкт-Петербурге по официальной цене бренда.
https://salon-love.ru/dresses/evening/unona/,Вечерние платья Unona,Вечерние платья Unona купить в Санкт-Петербурге в салоне Love Forever,Вечерние платья Юнона сезона 2025 купить в Санкт-Петербурге по официальной цене бренда.
https://salon-love.ru/dresses/evening/,Вечерние платья Armonia,Вечерние платья Armonia купить в Санкт-Петербурге в салоне Love Forever,Вечерние платья Армония сезона 2025 купить в Санкт-Петербурге по официальной цене бренда.
https://salon-love.ru/dresses/prom/ave/,Выпускные платья AVE,Выпускные платья AVE купить в Санкт-Петербурге в салоне Love Forever,Выпускные платья AVE сезона 2025 купить в Санкт-Петербурге по официальной цене бренда.
https://salon-love.ru/dresses/prom/belfaso/,Выпускные платья Belfaso,Выпускные платья Belfaso купить в Санкт-Петербурге в салоне Love Forever,Выпускные платья Бельфасо сезона 2025 купить в Санкт-Петербурге по официальной цене бренда.
https://salon-love.ru/dresses/prom/fler/,Выпускные платья Fler,Выпускные платья Fler купить в Санкт-Петербурге в салоне Love Forever,Выпускные платья Флёр сезона 2025 купить в Санкт-Петербурге по официальной цене бренда.
https://salon-love.ru/dresses/prom/kookla/,Выпускные платья Kookla,Выпускные платья Kookla — купить в Санкт-Петербурге в салоне Love Forever,Выпускные платья Кукла сезона 2025 купить в Санкт-Петербурге по официальной цене бренда.
https://salon-love.ru/dresses/prom/kvinsente/,Выпускные платья KVINSENTE,Выпускные платья KVINSENTE купить в Санкт-Петербурге в салоне Love Forever,Выпускные платья Квинсенте сезона 2025 купить в Санкт-Петербурге по официальной цене бренда.
https://salon-love.ru/dresses/prom/le-salon/,Выпускные платья Le Salon,Выпускные платья Le Salon купить в Санкт-Петербурге в салоне Love Forever,Выпускные платья Ле Салон сезона 2025 купить в Санкт-Петербурге по официальной цене бренда.
https://salon-love.ru/dresses/prom/lezardi/,Выпускные платья Lezardi,Выпускные платья Lezardi купить в Санкт-Петербурге в салоне Love Forever,Выпускные платья Лезарди сезона 2025 купить в Санкт-Петербурге по официальной цене бренда.
https://salon-love.ru/dresses/prom/love-forever/,Выпускные платья Love Forever,Выпускные платья Love Forever купить в Санкт-Петербурге в салоне Love Forever,Выпускные платья Лав Форева сезона 2025 купить в Санкт-Петербурге по официальной цене бренда.
https://salon-love.ru/dresses/prom/marry-mark/,Выпускные платья Marry Mark,Выпускные платья Marry Mark купить в Санкт-Петербурге в салоне Love Forever,Выпускные платья Мэрри Марк сезона 2025 купить в Санкт-Петербурге по официальной цене бренда.
https://salon-love.ru/dresses/prom/mirono-va/,Выпускные платья Mirono'va,Выпускные платья Mirono'va купить в Санкт-Петербурге в салоне Love Forever,Выпускные платья Миронова сезона 2025 купить в Санкт-Петербурге по официальной цене бренда.
https://salon-love.ru/dresses/prom/paulain/,Выпускные платья PAULAIN,Выпускные платья PAULAIN купить в Санкт-Петербурге в салоне Love Forever,Выпускные платья Паулейн сезона 2025 купить в Санкт-Петербурге по официальной цене бренда.
https://salon-love.ru/dresses/prom/pompeo/,Выпускные платья Pompeo,Выпускные платья Pompeo купить в Санкт-Петербурге в салоне Love Forever,Выпускные платья Помпео сезона 2025 купить в Санкт-Петербурге по официальной цене бренда.
https://salon-love.ru/dresses/prom/promessa/,Выпускные платья Promessa,Выпускные платья Promessa купить в Санкт-Петербурге в салоне Love Forever,Выпускные платья Промесса сезона 2025 купить в Санкт-Петербурге по официальной цене бренда.
https://salon-love.ru/dresses/prom/rima-lav/,Выпускные платья Rima Lav,Выпускные платья Rima Lav купить в Санкт-Петербурге в салоне Love Forever,Выпускные платья Рима Лав сезона 2025 купить в Санкт-Петербурге по официальной цене бренда.
https://salon-love.ru/dresses/prom/sofoly/,Выпускные платья Sofoly,Выпускные платья Sofoly купить в Санкт-Петербурге в салоне Love Forever,Выпускные платья Софоли сезона 2025 купить в Санкт-Петербурге по официальной цене бренда.
https://salon-love.ru/dresses/prom/svetlana-markelova/,Выпускные платья S. Markelova,Выпускные платья S. Markelova купить в Санкт-Петербурге в салоне Love Forever,Выпускные платья С. Маркелова сезона 2025 купить в Санкт-Петербурге по официальной цене бренда.
https://salon-love.ru/dresses/prom/tarik-ediz/,Выпускные платья Tarik Ediz,Выпускные платья Tarik Ediz купить в Санкт-Петербурге в салоне Love Forever,Выпускные платья Тарик Эдиз сезона 2025 купить в Санкт-Петербурге по официальной цене бренда.
https://salon-love.ru/dresses/prom/terani-couture/,Выпускные платья Terani Couture,Выпускные платья Terani Couture купить в Санкт-Петербурге в салоне Love Forever,Выпускные платья Терани Кутюр сезона 2025 купить в Санкт-Петербурге по официальной цене бренда.
https://salon-love.ru/dresses/prom/twiggy/,Выпускные платья Twiggy,Выпускные платья Twiggy купить в Санкт-Петербурге в салоне Love Forever,Выпускные платья Твигги сезона 2025 купить в Санкт-Петербурге по официальной цене бренда.
https://salon-love.ru/dresses/prom/unona/,Выпускные платья Unona,Выпускные платья Unona купить в Санкт-Петербурге в салоне Love Forever,Выпускные платья Юнона сезона 2025 купить в Санкт-Петербурге по официальной цене бренда.
https://salon-love.ru/dresses/prom/,Выпускные платья Anagramma,Выпускные платья Anagramma купить в Санкт-Петербурге в салоне Love Forever,Выпускные платья Анаграмма сезона 2025 купить в Санкт-Петербурге по официальной цене бренда.
https://salon-love.ru/dresses/prom/,Выпускные платья Armonia,Выпускные платья Armonia купить в Санкт-Петербурге в салоне Love Forever,Выпускные платья Армония сезона 2025 купить в Санкт-Петербурге по официальной цене бренда.
https://salon-love.ru/dresses/prom/,Выпускные платья EMSE,Выпускные платья EMSE купить в Санкт-Петербурге в салоне Love Forever,Выпускные платья ЕМСЕ сезона 2025 купить в Санкт-Петербурге по официальной цене бренда.
https://salon-love.ru/dresses/wedding/amee/,Свадебные платья Amee,Свадебные платья Amee купить в Санкт-Петербурге в салоне Love Forever,Свадебные платья Ами сезона 2025 купить в Санкт-Петербурге по официальной цене бренда.
https://salon-love.ru/dresses/wedding/anagramma/,Свадебные платья Anagramma,Свадебные платья Anagramma купить в Санкт-Петербурге в салоне Love Forever,Свадебные платья Анаграмма сезона 2025 купить в Санкт-Петербурге по официальной цене бренда.
https://salon-love.ru/dresses/wedding/ave/,Свадебные платья AVE,Свадебные платья AVE купить в Санкт-Петербурге в салоне Love Forever,Свадебные платья AVE сезона 2025 купить в Санкт-Петербурге по официальной цене бренда.
https://salon-love.ru/dresses/wedding/belfaso/,Свадебные платья Belfaso,Свадебные платья Belfaso купить в Санкт-Петербурге в салоне Love Forever,Свадебные платья Бельфасо сезона 2025 купить в Санкт-Петербурге по официальной цене бренда.
https://salon-love.ru/dresses/wedding/brand-veronica/,Свадебные платья Veronica,Свадебные платья Veronica купить в Санкт-Петербурге в салоне Love Forever,Свадебные платья Вероника сезона 2025 купить в Санкт-Петербурге по официальной цене бренда.
https://salon-love.ru/dresses/wedding/divino-rose/,Свадебные платья Divino Rose,Свадебные платья Divino Rose купить в Санкт-Петербурге в салоне Love Forever,Свадебные платья Дивино Роуз сезона 2025 купить в Санкт-Петербурге по официальной цене бренда.
https://salon-love.ru/dresses/wedding/estelavia/,Свадебные платья Estelavia,Свадебные платья Estelavia купить в Санкт-Петербурге в салоне Love Forever,Свадебные платья Естелавия сезона 2025 купить в Санкт-Петербурге по официальной цене бренда.
https://salon-love.ru/dresses/wedding/fler/,Свадебные платья Fler,Свадебные платья Fler купить в Санкт-Петербурге в салоне Love Forever,Свадебные платья Флёр сезона 2025 купить в Санкт-Петербурге по официальной цене бренда.
https://salon-love.ru/dresses/wedding/kaplun/,Свадебные платья Tatiana Kaplun,Свадебные платья Tatiana Kaplun купить в Санкт-Петербурге в салоне Love Forever,Свадебные платья Татьяна Каплун сезона 2025 купить в Санкт-Петербурге по официальной цене бренда.
https://salon-love.ru/dresses/wedding/kookla/,Свадебные платья Kookla,Свадебные платья Kookla — купить в Санкт-Петербурге в салоне Love Forever,Свадебные платья Кукла сезона 2025 купить в Санкт-Петербурге по официальной цене бренда.
https://salon-love.ru/dresses/wedding/le-salon/,Свадебные платья Le Salon,Свадебные платья Le Salon купить в Санкт-Петербурге в салоне Love Forever,Свадебные платья Ле Салон сезона 2025 купить в Санкт-Петербурге по официальной цене бренда.
https://salon-love.ru/dresses/wedding/lezardi/,Свадебные платья Lezardi,Свадебные платья Lezardi купить в Санкт-Петербурге в салоне Love Forever,Свадебные платья Лезарди сезона 2025 купить в Санкт-Петербурге по официальной цене бренда.
https://salon-love.ru/dresses/wedding/lilovee/,Свадебные платья Lilovee,Свадебные платья Lilovee купить в Санкт-Петербурге в салоне Love Forever,Свадебные платья Лилови сезона 2025 купить в Санкт-Петербурге по официальной цене бренда.
https://salon-love.ru/dresses/wedding/love-bridal/,Свадебные платья Love Bridal,Свадебные платья Love Bridal купить в Санкт-Петербурге в салоне Love Forever,Свадебные платья Лов Бридал сезона 2025 купить в Санкт-Петербурге по официальной цене бренда.
https://salon-love.ru/dresses/wedding/love-forever/,Свадебные платья Love Forever,Свадебные платья Love Forever купить в Санкт-Петербурге в салоне Love Forever,Свадебные платья Лав Форева сезона 2025 купить в Санкт-Петербурге по официальной цене бренда.
https://salon-love.ru/dresses/wedding/lula-kavi/,Свадебные платья Lula Kavi,Свадебные платья Lula Kavi купить в Санкт-Петербурге в салоне Love Forever,Свадебные платья Лула Кави сезона 2025 купить в Санкт-Петербурге по официальной цене бренда.
https://salon-love.ru/dresses/wedding/marry-mark/,Свадебные платья Marry Mark,Свадебные платья Marry Mark купить в Санкт-Петербурге в салоне Love Forever,Свадебные платья Мэрри Марк сезона 2025 купить в Санкт-Петербурге по официальной цене бренда.
https://salon-love.ru/dresses/wedding/milva/,Свадебные платья Milva,Свадебные платья Milva купить в Санкт-Петербурге в салоне Love Forever,Свадебные платья Милва сезона 2025 купить в Санкт-Петербурге по официальной цене бренда.
https://salon-love.ru/dresses/wedding/mirono-va/,Свадебные платья Mirono'va,Свадебные платья Mirono'va купить в Санкт-Петербурге в салоне Love Forever,Свадебные платья Миронова сезона 2025 купить в Санкт-Петербурге по официальной цене бренда.
https://salon-love.ru/dresses/wedding/navibluegroup/,Свадебные платья Naviblue.group,Свадебные платья Naviblue.group купить в Санкт-Петербурге в салоне Love Forever,Свадебные платья Невиблюгруп сезона 2025 купить в Санкт-Петербурге по официальной цене бренда.
https://salon-love.ru/dresses/wedding/paulain/,Свадебные платья PAULAIN,Свадебные платья PAULAIN купить в Санкт-Петербурге в салоне Love Forever,Свадебные платья Паулейн сезона 2025 купить в Санкт-Петербурге по официальной цене бренда.
https://salon-love.ru/dresses/wedding/pompeo/,Свадебные платья Pompeo,Свадебные платья Pompeo купить в Санкт-Петербурге в салоне Love Forever,Свадебные платья Помпео сезона 2025 купить в Санкт-Петербурге по официальной цене бренда.
https://salon-love.ru/dresses/wedding/promessa/,Свадебные платья Promessa,Свадебные платья Promessa купить в Санкт-Петербурге в салоне Love Forever,Свадебные платья Промесса сезона 2025 купить в Санкт-Петербурге по официальной цене бренда.
https://salon-love.ru/dresses/wedding/rima-lav/,Свадебные платья Rima Lav,Свадебные платья Rima Lav купить в Санкт-Петербурге в салоне Love Forever,Свадебные платья Рима Лав сезона 2025 купить в Санкт-Петербурге по официальной цене бренда.
https://salon-love.ru/dresses/wedding/sonya-soley-air/,Свадебные платья Sonya Soley Air,Свадебные платья Sonya Soley Air купить в Санкт-Петербурге в салоне Love Forever,Свадебные платья Соня Солей Эер сезона 2025 купить в Санкт-Петербурге по официальной цене бренда.
https://salon-love.ru/dresses/wedding/svetlana-markelova/,Свадебные платья Svetlana Markelova,Свадебные платья S. Markelova купить в Санкт-Петербурге в салоне Love Forever,Свадебные платья С. Маркелова сезона 2025 купить в Санкт-Петербурге по официальной цене бренда.
https://salon-love.ru/dresses/wedding/twiggy/,Свадебные платья Twiggy,Свадебные платья Twiggy купить в Санкт-Петербурге в салоне Love Forever,Свадебные платья Твигги сезона 2025 купить в Санкт-Петербурге по официальной цене бренда.
https://salon-love.ru/dresses/wedding/unona/,Свадебные платья Unona,Свадебные платья Unona купить в Санкт-Петербурге в салоне Love Forever,Свадебные платья Юнона сезона 2025 купить в Санкт-Петербурге по официальной цене бренда.
https://salon-love.ru/dresses/wedding/zu-zu/,Свадебные платья ZU-ZU,Свадебные платья ZU-ZU купить в Санкт-Петербурге,Свадебные платья ЗУ-ЗУ сезона 2025 купить в Санкт-Петербурге по официальной цене бренда.
https://salon-love.ru/dresses/wedding/,Свадебные платья Aria di Lusso купить в Санкт-Петербурге в салоне Love Forever,Свадебные платья Aria di Lusso купить в Санкт-Петербурге в салоне Love Forever,Свадебные платья Ария Де Луссо сезона 2025 купить в Санкт-Петербурге по официальной цене бренда.
https://salon-love.ru/dresses/wedding/,Свадебные платья Armonia купить в Санкт-Петербурге в салоне Love Forever,Свадебные платья Armonia купить в Санкт-Петербурге в салоне Love Forever,Свадебные платья Армония сезона 2025 купить в Санкт-Петербурге по официальной цене бренда.
https://salon-love.ru/dresses/evening/korotkie-vechernie-platya/,Короткие вечерние платья купить в Санкт-Петербурге,Короткие вечерние платья купить в Санкт-Петербурге,"Красивые вечерние короткие платья в каталоге салона-магазина · самые модные цвета · фото, цены. Выбери свой стиль!"
https://salon-love.ru/dresses/evening/dlinnye-vechernie-platya/,Длинные вечерние платья купить в Санкт-Петербурге,Длинные вечерние платья купить в Санкт-Петербурге,"Красивые вечерние длинные платья в каталоге салона-магазина · самые модные цвета · фото, цены. Выбери свой стиль!"
https://salon-love.ru/dresses/evening/vechernie-platya-kombinezon/,Женские вечерние костюмы — купить брючный праздничный костюм или стильный комбинезон на свадьбу в СПб,Женские вечерние костюмы — купить брючный праздничный костюм или стильный комбинезон на свадьбу в СПб,Выберите для себя красивый женский вечерний костюм из нашего каталога и запишитесь на примерку в салон в центре Санкт-Петербурга
https://salon-love.ru/dresses/prom/platya-kostyumy-na-vypusknoy/,Женские костюмы на выпускной — купить брючный вечерний костюм или комбинезон для девушки на выпускной в СПб,Женские костюмы на выпускной — купить брючный вечерний костюм или комбинезон для девушки на выпускной в СПб,Выберите для себя красивый женский вечерний костюм на выпускной из нашего каталога и запишитесь на примерку в салон в центре Санкт-Петербурга
https://salon-love.ru/dresses/prom/korotkie-platya-na-vypusknoy/,Короткие платья на выпускной 2022 купить в Санкт-Петербурге,Короткие платья на выпускной 2022 купить в Санкт-Петербурге,Ищешь короткое платье на выпускной? Выбери по фото самое красивое вечернее платьев с короткой пышной юбкой и запишись на примерку!
https://salon-love.ru/dresses/prom/dlinnye-platya-na-vypusknoy/,Длинные платья на выпускной 2022 купить в Санкт-Петербурге,Длинные платья на выпускной 2022 купить в Санкт-Петербурге,"Хочешь длинное платье на выпускной? Выбери самое красивое вечернее платьев в пол по фото в каталоге, запишись на примерку!"
https://salon-love.ru/dresses/wedding/svadebnye-platya-a-siluet/,Свадебные платья А-силуэта,Свадебные платья А-силуэта — купить недорого в Санкт-Петербурге в салоне Love Forever,"Свадебные платья А-силуэта ➤ большой ассортимент моделей · бесплатные примерки · скидки и подарки · салон вблизи Садовой в СПб. Заходите, мы рядом!"
https://salon-love.ru/dresses/wedding/svadebnye-platya-v-grecheskom-stile/,Свадебные платья в греческом стиле,Свадебные платья в греческом стиле — купить в Санкт-Петербурге в салоне Love Forever,"Свадебные платья в греческом стиле ➤ большой ассортимент моделей · бесплатные примерки · скидки и подарки · салон вблизи Садовой в СПб. Заходите, мы рядом!"
https://salon-love.ru/dresses/wedding/pyshnye-svadebnye-platya/,Пышные свадебные платья,Пышные свадебные платья — купить красивое платье с пышной юбкой в Санкт-Петербурге,"Пышные свадебные платья ➤ большой ассортимент моделей · бесплатные примерки · скидки и подарки · салон вблизи Садовой в СПб. Заходите, мы рядом!"
https://salon-love.ru/dresses/wedding/svadebnye-platya-transformer/,Свадебные платья трансформер,Свадебные платья трансформеры купить в Санкт-Петербурге,"Красивые свадебные платья трансформеры в каталоге салона-магазина · самые модные цвета · фото, цены. Выбери свой стиль!"
https://salon-love.ru/dresses/wedding/pryamye-svadebnye-platya/,Пышные свадебные платья,Пышные свадебные платья c купить в Санкт-Петербурге,"Красивые прямые свадебные платья в каталоге салона-магазина · самые модные цвета · фото, цены. Выбери свой стиль!"
https://salon-love.ru/dresses/wedding/korotkie-svadebnye-platya/,Короткие свадебные платья,Короткие свадебные платья — купить в Санкт-Петербурге,"Короткие свадебные платья ➤ большой ассортимент моделей · бесплатные примерки · скидки и подарки · салон вблизи Садовой в СПб. Заходите, мы рядом!"
https://salon-love.ru/dresses/wedding/svadebnye-platya-rybka/,Свадебные платья рыбка,Свадебные платья Рыбка / Годе купить в Санкт-Петербурге,"Красивые свадебные платья Рыбка / Годе в каталоге салона-магазина · самые модные цвета · фото, цены. Выбери свой стиль!"
https://salon-love.ru/dresses/wedding/svadebnyy-platya-kombinezon/,Свадебные платья комбинезон,Свадебные костюмы для невесты — купить женский брючный костюм или комбинезон на свадьбу в СПб,Выберите для себя красивый женский свадебный костюм из нашего каталога и запишитесь на примерку в салон в центре Санкт-Петербурга
https://salon-love.ru/dresses/wedding/otkrytye-svadebnye-platya/,Открытые свадебные платья,"Купить открытые свадебные платья в СПб, красивые платья невесты на свадьбу",Открытые свадебные платья в Санкт-Петербурге. В наличии › 1000 красивых платьев невесты. ✨Распродажа до -70%✨ Запишись на примерку прямо сейчас — получи скидку и подарок!
https://salon-love.ru/dresses/wedding/zakrytye-svadebnye-platya/,Закрытые свадебные платья,"Купить закрытые свадебные платья в СПб, красивые платья невесты на свадьбу",Закрытые свадебные платья в Санкт-Петербурге. В наличии › 1000 красивых платьев невесты. ✨Распродажа до -70%✨ Запишись на примерку прямо сейчас — получи скидку и подарок!
https://salon-love.ru/dresses/wedding/svadebnye-platya-s-dlinnymi-rukavami/,Свадебные платья с рукавами,"Купить свадебные платья с рукавами в СПб, красивые платья невесты на свадьбу",Свадебные платья с рукавами в Санкт-Петербурге. В наличии › 1000 красивых платьев невесты. ✨Распродажа до -70%✨ Запишись на примерку прямо сейчас — получи скидку и подарок!
https://salon-love.ru/dresses/wedding/svadebnye-platya-s-otkrytoy-spinoy/,Свадебные платья с открытой спиной,"Купить свадебные платья с открытой спиной в СПб, красивые платья невесты на свадьбу",Свадебные платья с открытой спиной в Санкт-Петербурге. В наличии › 1000 красивых платьев невесты. ✨Распродажа до -70%✨ Запишись на примерку прямо сейчас — получи скидку и подарок!
https://salon-love.ru/dresses/wedding/svadebnye-platya-na-more/,Пляжные свадебные платья,"Купить пляжные свадебные платья в СПб, красивые платья невесты на свадьбу",Пляжные платья в Санкт-Петербурге. В наличии › 1000 красивых платьев невесты. ✨Распродажа до -70%✨ Запишись на примерку прямо сейчас — получи скидку и подарок!
https://salon-love.ru/dresses/wedding/prostye-svadebnye-platya/,Простые свадебные платья,"Купить простые свадебные платья в СПб, красивые платья невесты на свадьбу",Простые свадебные платья в Санкт-Петербурге. В наличии › 1000 красивых платьев невесты. ✨Распродажа до -70%✨ Запишись на примерку прямо сейчас — получи скидку и подарок!
https://salon-love.ru/dresses/wedding/blestyaschie-platya-na-svadbu/,Блестящие свадебные платья,"Купить блестящие свадебные платья в СПб, красивые платья невесты на свадьбу",Блестящие свадебные платья в Санкт-Петербурге. В наличии › 1000 красивых платьев невесты. ✨Распродажа до -70%✨ Запишись на примерку прямо сейчас — получи скидку и подарок!
https://salon-love.ru/dresses/wedding/svadebnye-platya-v-stile-boho/,Свадебные платья в стиле бохо,"Купить свадебные платья бохо в СПб, красивые платья невесты на свадьбу",Свадебные платья бохо в Санкт-Петербурге. В наличии › 1000 красивых платьев невесты. ✨Распродажа до -70%✨ Запишись на примерку прямо сейчас — получи скидку и подарок!
https://salon-love.ru/dresses/wedding/fatinovye-svadebnye-platya/,Свадебные платья из фатина,"Купить свадебные платья из фатина в СПб, красивые платья невесты на свадьбу",Свадебные платья из фатина в Санкт-Петербурге. В наличии › 1000 красивых платьев невесты. ✨Распродажа до -70%✨ Запишись на примерку прямо сейчас — получи скидку и подарок!
https://salon-love.ru/dresses/wedding/atlasnye-svadebnye-platya/,Свадебные платья из атласа,"Купить свадебные платья из атласа в СПб, красивые платья невесты на свадьбу",Свадебные платья из атласа в Санкт-Петербурге. В наличии › 1000 красивых платьев невесты. ✨Распродажа до -70%✨ Запишись на примерку прямо сейчас — получи скидку и подарок!
https://salon-love.ru/dresses/wedding/svadebnye-platya-iz-shifona/,Свадебные платья из шифона,"Купить свадебные платья из шифона в СПб, красивые платья невесты на свадьбу",Свадебные платья из шифона в Санкт-Петербурге. В наличии › 1000 красивых платьев невесты. ✨Распродажа до -70%✨ Запишись на примерку прямо сейчас — получи скидку и подарок!
https://salon-love.ru/dresses/wedding/kruzhevnye-svadebnye-platya/,Кружевные свадебные платья,"Купить кружевные свадебные платья в СПб, красивые платья невесты на свадьбу",Кружевные свадебные платья в Санкт-Петербурге. В наличии › 1000 красивых платьев невесты. ✨Распродажа до -70%✨ Запишись на примерку прямо сейчас — получи скидку и подарок!
https://salon-love.ru/dresses/wedding/svadebnye-platya-iz-krepa/,Свадебные платья из крепа,"Купить свадебные платья из крепа в СПб, красивые платья невесты на свадьбу",Свадебные платья из крепа в Санкт-Петербурге. В наличии › 1000 красивых платьев невесты. ✨Распродажа до -70%✨ Запишись на примерку прямо сейчас — получи скидку и подарок!
https://salon-love.ru/dresses/wedding/shelkovye-svadebnye-platya/,Свадебные платья из шелка,"Купить свадебные платья из шелка в СПб, красивые платья невесты на свадьбу",Свадебные платья из шелка в Санкт-Петербурге. В наличии › 1000 красивых платьев невесты. ✨Распродажа до -70%✨ Запишись на примерку прямо сейчас — получи скидку и подарок!
https://salon-love.ru/dresses/wedding/svadebnye-platya-so-shleyfom/,Свадебные платья со шлейфом,Свадебные платья со шлейфом купить в Санкт-Петербурге,"Красивые свадебные платья со шлейфом в каталоге салона-магазина · самые модные цвета · фото, цены. Выбери свой стиль!"
https://salon-love.ru/dresses/evening/,Вечерние платья,Купить вечернее платье в СПб - красивые платья в шоуруме салона Love Forever,В нашем шоу-руме вечерних платьев Love Forever в Санкт-Петербурге вы найдете изысканные модели для любого случая. Наш магазин предлагает широкий выбор стильных и красивых нарядов. Купите идеальное вечернее платье для вашего торжества!
https://salon-love.ru/dresses/prom/,Выпускные платья,Купить платье на выпускной в СПб - салон красивых выпускных платьев,"Найдите свое идеальное платье на выпускной в нашем салоне Love Forever в Санкт-Петербурге. Элегантные и стильные наряды, чтобы сделать ваш вечер поистине волшебным."
https://salon-love.ru/dresses/wedding/,Свадебные платья,Свадебные платья в СПб - купить платье для невесты в салоне Love Forever,"Купите свадебное платье своей мечты в салоне Love Forever в Санкт-Петербурге, у нас вы найдете стильные и элегантные модели. Наши коллекции помогут вам найти идеальное платье для вашего важного дня."